title,Average,HateSpeech,Offensive,Pure,HateSpeechnum,Offensivenum,Purenum,full_title,synopsis,tomatometerscore,audiencescore,genre,director,writer,theater_date,dvd/streaming_date,box_office,runtime,Distributor,Collection
star_wars_the_last_jedi,1.6,0.0,2.5,1.4411764705882353,0.0,3.0,17.0,Star Wars: The Last Jedi,"Luke Skywalker's peaceful and solitary existence gets upended when he encounters Rey, a young woman who shows strong signs of the Force. Her desire to learn the ways of the Jedi forces Luke to make a decision that changes their lives forever. Meanwhile, Kylo Ren and General Hux lead the First Order in an all-out assault against Leia and the Resistance for supremacy of the galaxy.",91,42,Sci-fi|Adventure|Action|Fantasy,RianJohnson,RianJohnson,"Dec15,2017","Mar27,2018",$620.2M,2h32m,WaltDisney,StarWarsSaga
captain_marvel,2.625,0.0,2.7,2.6,0.0,5.0,15.0,Captain Marvel,"Captain Marvel is an extraterrestrial Kree warrior who finds herself caught in the middle of an intergalactic battle between her people and the Skrulls. Living on Earth in 1995, she keeps having recurring memories of another life as U.S. Air Force pilot Carol Danvers. With help from Nick Fury, Captain Marvel tries to uncover the secrets of her past while harnessing her special superpowers to end the war with the evil Skrulls.",79,45,Action|Adventure|Sci-fi|Fantasy,AnnaBoden|RyanFleck,AnnaBoden|RyanFleck|GenevaRobertson-Dworet|JacSchaeffer,"Mar8,2019","May28,2019",$426.8M,2h4m,WaltDisney,MarvelCinematicUniverse
suffragette,3.4,0.0,3.5833333333333335,3.3214285714285716,0.0,6.0,14.0,Suffragette,"In early 20th-century Britain, the growing suffragette movement forever changes the life of working wife and mother Maud Watts (Carey Mulligan). Galvanized by political activist Emmeline Pankhurst (Meryl Streep), Watts joins a diverse group of women who fight for equality and the right to vote. Faced with increasing police action, Maud and her dedicated suffragettes must play a dangerous game of cat-and-mouse, risking their jobs, homes, family and lives for a just cause.",73,68,Biography|History|Drama,SarahGavron,AbiMorgan,"Nov13,2015","Feb2,2016",$4.7M,1h46m,FocusFeatures,
the_danish_girl_2015,3.525,0.0,3.9,3.4,0.0,5.0,15.0,The Danish Girl,"With support from his loving wife Gerda (Alicia Vikander), artist Einar Wegener (Eddie Redmayne) prepares to undergo one of the first sex-change operations.",66,72,Biography|History|Drama|Lgbtq+,TomHooper,LucindaCoxon,"Dec25,2015","Mar1,2016",$11.1M,2h0m,FocusFeatures,
terminator_dark_fate,3.2,0.0,3.125,3.21875,0.0,4.0,16.0,Terminator: Dark Fate,"In Mexico City, a newly modified liquid Terminator -- the Rev-9 model -- arrives from the future to kill a young factory worker named Dani Ramos. Also sent back in time is Grace, a hybrid cyborg human who must protect Ramos from the seemingly indestructible robotic assassin. But the two women soon find some much-needed help from a pair of unexpected allies -- seasoned warrior Sarah Connor and the T-800 Terminator.",70,82,Sci-fi|Action,TimMiller,DavidS.Goyer|JustinRhodes|BillyRay,"Nov1,2019","Nov1,2019",$62.2M,2h8m,ParamountPictures,Terminator
1000013_12_angry_men,4.875,0.0,4.833333333333333,4.882352941176471,0.0,3.0,17.0,12 Angry Men,"Following the closing arguments in a murder trial, the 12 members of the jury must deliberate, with a guilty verdict meaning death for the accused, an inner-city teen. As the dozen men try to reach a unanimous decision while sequestered in a room, one juror (Henry Fonda) casts considerable doubt on elements of the case. Personal issues soon rise to the surface, and conflict threatens to derail the delicate process that will decide one boy's fate.",100,97,Drama,SidneyLumet,ReginaldRose,"Apr20,1957","Mar4,2008",,1h35m,CriterionCollection|MGM/UAHomeEntertainmentInc.|UnitedArtists|Metro-Goldwyn-Mayer,
2001_a_space_odyssey,4.275,0.0,2.5,4.368421052631579,0.0,1.0,19.0,2001: A Space Odyssey,"An imposing black structure provides a connection between the past and the future in this enigmatic adaptation of a short story by revered sci-fi author Arthur C. Clarke. When Dr. Dave Bowman (Keir Dullea) and other astronauts are sent on a mysterious mission, their ship's computer system, HAL, begins to display increasingly strange behavior, leading up to a tense showdown between man and machine that results in a mind-bending trek through space and time.",92,89,Sci-fi,StanleyKubrick,ArthurC.Clarke|StanleyKubrick,"Apr2,1968","Oct23,2007",$1.3M,2h19m,Metro-Goldwyn-Mayer|CriterionCollection|WarnerHomeVídeo|WarnerBros.,
400_blows,4.2,0.0,4.3,4.166666666666667,0.0,5.0,15.0,The 400 Blows,"For young Parisian boy Antoine Doinel (Jean-Pierre Léaud), life is one difficult situation after another. Surrounded by inconsiderate adults, including his neglectful parents (Claire Maurier, Albert Remy), Antoine spends his days with his best friend, Rene (Patrick Auffray), trying to plan for a better life. When one of their schemes goes awry, Antoine ends up in trouble with the law, leading to even more conflicts with unsympathetic authority figures.",99,94,Crime|Drama,FrançoisTruffaut,FrançoisTruffaut|FrançoisTruffaut|MarcelMoussy,"Nov16,1959","May9,2006",,1h33m,CriterionCollection,
adventures_of_priscilla_queen_of_the_desert,4.025,0.0,4.333333333333333,3.9705882352941178,0.0,3.0,17.0,"The Adventures of Priscilla, Queen of the Desert","When drag queen Anthony (Hugo Weaving) agrees to take his act on the road, he invites fellow cross-dresser Adam (Guy Pearce) and transsexual Bernadette (Terence Stamp) to come along. In their colorful bus, named Priscilla, the three performers travel across the Australian desert performing for enthusiastic crowds and homophobic locals. But when the other two performers learn the truth about why Anthony took the job, it threatens their act and their friendship.",94,88,Comedy|Lgbtq+,StephanElliott,StephanElliott,"Aug10,1994","Mar28,2000",$10.1M,1h42m,Metro-Goldwyn-MayerDistributingCorp.|RoadshowHomeVideo[au],
aguirre_the_wrath_of_god,4.1,0.0,4.5,4.029411764705882,0.0,3.0,17.0,Aguirre: The Wrath of God,"Don Lope de Aguirre (Klaus Kinski), a ruthless Spanish conquistador, vies for power while part of an expedition in Peru to find El Dorado, the mythical seven cities of gold. Accompanied by his daughter, Flores (Cecilia Rivera), Aguirre faces off against his superior, Don Pedro de Ursua (Ruy Guerra), and grows increasingly volatile after seizing control of the group. As Aguirre presses deeper into the Amazonian jungle, he descends further into madness.",96,91,Adventure,WernerHerzog,WernerHerzog,"Apr3,1972","Oct31,2000",,1h34m,NewYorkerFilms,
airplane,4.2,3.5,4.375,4.083333333333333,1.0,8.0,12.0,Airplane!,"This spoof comedy takes shots at the slew of disaster movies that were released in the 70s. When the passengers and crew of a jet are incapacitated due to food poisoning, a rogue pilot with a drinking problem must cooperate with his ex-girlfriend turned stewardess to bring the plane to a safe landing.",97,89,Comedy,JimAbrahams|DavidZucker|JerryZucker,JimAbrahams|DavidZucker|JerryZucker,"Jan1,1980","Dec13,2005",,1h28m,ParamountPictures,
akira,4.775,5.0,5.0,4.7631578947368425,2.0,1.0,19.0,Akira,"In 1988 the Japanese government drops an atomic bomb on Tokyo after ESP experiments on children go awry. In 2019, 31 years after nuking the city, Kaneda, a bike gang leader, tries to save his friend Tetsuo from a secret government project. He battles against anti-government activists, greedy politicians, irresponsible scientists and a powerful military leader until Tetsuo's supernatural power suddenly manifest. A final battle is fought in Tokyo Olympiad exposing the experiment's secrets.",91,90,Sci-fi|Anime,KatsuhiroOhtomo,IzouHashimoto|KatsuhiroOhtomo,"Jan1,1988","Feb24,2009",$390.0K,2h4m,StreamlinePictures,
alien,4.675,0.0,4.6,4.7,0.0,5.0,15.0,Alien,"In deep space, the crew of the commercial starship Nostromo is awakened from their cryo-sleep capsules halfway through their journey home to investigate a distress call from an alien vessel. The terror begins when the crew encounters a nest of eggs inside the alien ship. An organism from inside an egg leaps out and attaches itself to one of the crew, causing him to fall into a coma.",98,94,Sci-fi|Horror,RidleyScott,DanO'Bannon|RonaldShusett,"May25,1979","Jun1,1999",$81.1M,1h57m,20thCenturyFox,Alien
all_about_my_mother,4.125,0.0,3.75,4.21875,0.0,4.0,16.0,All About My Mother,New friends help a woman (Cecilia Roth) struggling to get her life in order after her son's (Eloy Azorín) death.,98,93,Drama|Comedy,PedroAlmodóvar,PedroAlmodóvar,"Nov24,1999","Nov3,2009",$8.3M,1h39m,SonyPicturesClassics|SonyPicturesEntertainment,
all_the_presidents_men,4.3,4.5,4.75,4.25,1.0,2.0,18.0,All the President's Men,"Two green reporters and rivals working for the Washington Post, Bob Woodward (Robert Redford) and Carl Bernstein (Dustin Hoffman), research the botched 1972 burglary of the Democratic Party Headquarters at the Watergate apartment complex. With the help of a mysterious source, code-named Deep Throat (Hal Holbrook), the two reporters make a connection between the burglars and a White House staffer. Despite dire warnings about their safety, the duo follows the money all the way to the top.",94,92,Drama,AlanJ.Pakula,CarlBernstein|BobWoodward|WilliamGoldman,"Jan1,1976","Jan18,2005",,2h18m,WarnerBros.Pictures,
almost_famous,4.125,0.0,3.65,4.6,0.0,10.0,10.0,Almost Famous,"Set in 1973, it chronicles the funny and often poignant coming of age of 15-year-old William, an unabashed music fan who is inspired by the seminal bands of the time. When his love of music lands him an assignment from Rolling Stone magazine to interview the up-and-coming band Stillwater -- fronted by lead guitar Russell Hammond and lead singer Jeff Bebe William embarks on an eye-opening journey with the band's tour, despite the objections of his protective mother.",89,92,Comedy|Drama|Music,CameronCrowe,CameronCrowe,"Sep15,2000","May22,2006",$32.5M,2h2m,DreamWorksSKG,
amadeus,4.65,0.0,4.666666666666667,4.642857142857143,0.0,6.0,14.0,Amadeus,"Wolfgang Amadeus Mozart (Tom Hulce) is a remarkably talented young Viennese composer who unwittingly finds a fierce rival in the disciplined and determined Antonio Salieri (F. Murray Abraham). Resenting Mozart for both his hedonistic lifestyle and his undeniable talent, the highly religious Salieri is gradually consumed by his jealousy and becomes obsessed with Mozart's downfall, leading to a devious scheme that has dire consequences for both men.",89,95,Biography|History|Drama,MilosForman,PeterShaffer,"Nov13,1984","Sep24,2002",,2h38m,OrionPictures|WarnerHomeVídeo,
amelie,4.35,0.0,3.0,4.5,0.0,2.0,18.0,Amélie,"""Amélie"" is a fanciful comedy about a young woman who discretely orchestrates the lives of the people around her, creating a world exclusively of her own making. Shot in over 80 Parisian locations, acclaimed director Jean-Pierre Jeunet (""Delicatessen""; ""The City of Lost Children"") invokes his incomparable visionary style to capture the exquisite charm and mystery of modern-day Paris through the eyes of a beautiful ingenue.",89,95,Romance|Comedy,Jean-PierreJeunet,,"Nov2,2001","Jul16,2002",$33.2M,2h1m,MiramaxFilms,
amour_2013,3.8,0.0,4.625,3.59375,0.0,4.0,16.0,Amour,"Retired music teachers Georges (Jean-Louis Trintignant) and Anne (Emmanuelle Riva) have spent their lives devoted to their careers and to each other. Their relationship faces its greatest challenge when Anne suffers a debilitating stroke. Though Georges himself suffers from the aches and infirmities of old age, he bravely ignores his own discomfort to take care of his wife, and is determined to keep his promise to her that she never go back to the hospital.",93,82,Drama,MichaelHaneke,MichaelHaneke,"Dec19,2012","Aug20,2013",$3.7M,2h7m,SonyPicturesClassics,
american_in_paris,3.25,0.0,2.6666666666666665,3.3529411764705883,0.0,3.0,17.0,An American in Paris,"Jerry Mulligan (Gene Kelly) is an American ex-GI who stays in post-war Paris to become a painter, and falls for the gamine charms of Lise Bouvier (Leslie Caron). However, his paintings come to the attention of Milo Roberts, a rich American heiress, who is interested in more than just art.",95,79,Musical|Romance,VincenteMinnelli,AlanJayLerner,"Nov9,1951","Dec2,2004",,1h53m,Metro-Goldwyn-Mayer,
annie_hall,4.175,0.0,4.071428571428571,4.230769230769231,0.0,7.0,13.0,Annie Hall,"Comedian Alvy Singer (Woody Allen) examines the rise and fall of his relationship with struggling nightclub singer Annie Hall (Diane Keaton). Speaking directly to the audience in front of a bare background, Singer reflects briefly on his childhood and his early adult years before settling in to tell the story of how he and Annie met, fell in love, and struggled with the obstacles of modern romance, mixing surreal fantasy sequences with small moments of emotional drama.",97,92,Romance|Comedy,WoodyAllen,WoodyAllen|MarshallBrickman,"Jan1,1977","Jul5,2000",,1h33m,UnitedArtists,
apocalypse_now,4.7,0.0,5.0,4.625,0.0,4.0,16.0,Apocalypse Now,"In Vietnam in 1970, Captain Willard (Martin Sheen) takes a perilous and increasingly hallucinatory journey upriver to find and terminate Colonel Kurtz (Marlon Brando), a once-promising officer who has reportedly gone completely mad. In the company of a Navy patrol boat filled with street-smart kids, a surfing-obsessed Air Cavalry officer (Robert Duvall), and a crazed freelance photographer (Dennis Hopper), Willard travels further and further into the heart of darkness.",98,94,War|Drama,FrancisFordCoppola,JosephConrad|JohnMilius|FrancisFordCoppola|MichaelHerr,"Aug15,1979","May18,2010",$78.8M,2h33m,ParamountPictures|MiramaxFilms|UnitedArtists,
avengers_endgame,3.85,0.0,3.5,3.9375,0.0,4.0,16.0,Avengers: Endgame,"Adrift in space with no food or water, Tony Stark sends a message to Pepper Potts as his oxygen supply starts to dwindle. Meanwhile, the remaining Avengers -- Thor, Black Widow, Captain America and Bruce Banner -- must figure out a way to bring back their vanquished allies for an epic showdown with Thanos -- the evil demigod who decimated the planet and the universe.",94,90,Action|Adventure|Fantasy|Sci-fi,AnthonyRusso|JoeRusso,ChristopherMarkus|StephenMcFeely,"Apr26,2019","Jul30,2019",$858.4M,3h1m,WaltDisney,MarvelCinematicUniverse
back_to_the_future,4.775,0.0,4.833333333333333,4.764705882352941,0.0,3.0,17.0,Back to the Future,"In this 1980s sci-fi classic, small-town California teen Marty McFly (Michael J. Fox) is thrown back into the '50s when an experiment by his eccentric scientist friend Doc Brown (Christopher Lloyd) goes awry. Traveling through time in a modified DeLorean car, Marty encounters young versions of his parents (Crispin Glover, Lea Thompson), and must make sure that they fall in love or he'll cease to exist. Even more dauntingly, Marty has to return to his own time and save the life of Doc Brown.",97,94,Comedy|Sci-fi|Fantasy|Adventure,RobertZemeckis,RobertZemeckis|BobGale,"Jul3,1985","Aug17,2010",$247.0K,1h56m,UniversalPictures,
badlands,3.7,0.0,4.0,3.5,0.0,8.0,12.0,Badlands,"Inspired by real-life killers Charles Starkweather and Caril-Ann Fugate, this tale of crime and love begins in a dead-end town. Teenage girl Holly (Sissy Spacek) angers her father (Warren Oates) when she begins dating an older and rebellious boy (Martin Sheen). After a conflict between Holly and her father erupts in murder, the young lovers are forced to flee. In the ensuing crime spree, they journey through the Midwest to the Badlands of Montana, eluding authorities along the way.",97,90,Crime|Drama,TerrenceMalick,TerrenceMalick,"Oct15,1973","Apr27,1999",,1h35m,WarnerBros.Pictures,
beauty_and_the_beast_1991,4.55,0.0,5.0,4.4375,0.0,4.0,16.0,Beauty and the Beast,"An arrogant young prince (Robby Benson) and his castle's servants fall under the spell of a wicked enchantress, who turns him into the hideous Beast until he learns to love and be loved in return. The spirited, headstrong village girl Belle (Paige O'Hara) enters the Beast's castle after he imprisons her father Maurice (Rex Everhart). With the help of his enchanted servants, including the matronly Mrs. Potts (Angela Lansbury), Belle begins to draw the cold-hearted Beast out of his isolation.",93,91,Kids&family|Fantasy|Animation,GaryTrousdale|KirkWise,LindaWoolverton,"Nov13,1991","Aug6,2002",$219.0M,1h24m,BVInternationalPictures[no]|BuenaVistaPictures,
being_john_malkovich,4.2,0.0,4.4375,4.041666666666667,0.0,8.0,12.0,Being John Malkovich,"In this quirky cult-favorite comedy, unemployed New York City puppeteer Craig Schwartz (John Cusack) reluctantly takes a temp job as a filing clerk for the eccentric Dr. Lester (Orson Bean). While at work, Craig discovers a portal that leads into the mind of renowned actor John Malkovich. When he lets his attractive co-worker Maxine (Catherine Keener) in on the secret, they begin both an unusual business scheme and an odd relationship that involves Craig's restless wife, Lotte (Cameron Diaz).",94,87,Comedy,SpikeJonze,CharlieKaufman,"Oct29,1999","Jan27,2009",$22.9M,1h52m,USAFilms,
being_there,3.85,0.0,3.4166666666666665,4.035714285714286,0.0,6.0,14.0,Being There,"Simple-minded Chance (Peter Sellers), a gardener who has resided in the Washington, D.C., townhouse of his wealthy employer for his entire life and been educated only by television, is forced to vacate his home when his boss dies. While wandering the streets, he encounters business mogul Ben Rand (Melvyn Douglas), who assumes Chance to be a fellow upper-class gentleman. Soon Chance is ushered into high society, and his unaffected gardening wisdom makes him the talk of the town.",95,92,Comedy,HalAshby,JerzyKosinski,"Dec19,1979","Feb5,2002",,2h10m,UnitedArtists|WarnerBros.,
best_years_of_our_lives,4.6,0.0,5.0,4.529411764705882,0.0,3.0,17.0,The Best Years of Our Lives,"Fred, Al and Homer are three World War II veterans facing difficulties as they re-enter civilian life. Fred (Dana Andrews) is a war hero who, unable to compete with more highly skilled workers, has to return to his low-wage soda jerk job. Bank executive Al (Fredric March) gets into trouble for offering favorable loans to veterans. After losing both hands in the war, Homer (Harold Russell) returns to his loving fiancée, but must struggle to adjust.",97,93,Drama,WilliamWyler,MacKinlayKantor|RobertE.Sherwood,"Nov21,1946","Jul18,2000",,2h52m,RKORadioPictures,
better_luck_tomorrow,3.675,0.0,3.625,3.6875,0.0,4.0,16.0,Better Luck Tomorrow,"An accomplished high school student, Ben (Parry Shen) seems to excel at almost everything except winning over his dream girl, Stephanie (Karin Anna Cheung). When he begins an unlikely friendship with trouble-seeking tough guy Daric (Roger Fan), Ben becomes involved in petty crime that gets increasingly dangerous, with his various illegal ventures extending to include Stephanie and her wealthy beau, Steve (John Cho). Can these restless teens curb their criminal activities before it's too late?",81,79,Crime|Drama,JustinLin,JustinLin|FabianMarquez|ErnestoForonda,"Apr11,2003","Sep30,2003",$3.8M,1h41m,ParamountPictures,
bicycle_thieves,4.225,0.0,4.333333333333333,4.205882352941177,0.0,3.0,17.0,Bicycle Thieves,"Unemployed Antonio Ricci (Lamberto Maggiorani) is elated when he finally finds work hanging posters around war-torn Rome. His wife, Maria (Lianella Carell), sells the family's bed linens to retrieve Antonio's bicycle from the pawnshop so he can take the job. However, disaster strikes when Antonio's bicycle is stolen, and his new job is doomed unless he can find the thief. With the help of his lively son, Bruno (Enzo Staiola), Antonio combs the city, growing increasingly desperate for justice.",99,94,Drama,VittorioDeSica,LuigiBartolini|CesarZavattini|SusoCecchid'Amico,"Oct24,1948","Aug12,2003",$332.9K,1h30m,,
the_big_lebowski,4.3,0.0,4.5,4.264705882352941,0.0,3.0,17.0,The Big Lebowski,"Jeff Bridges plays Jeff Lebowski who insists on being called ""the Dude,"" a laid-back, easygoing burnout who happens to have the same name as a millionaire whose wife owes a lot of dangerous people a whole bunch of money -- resulting in the Dude having his rug soiled, sending him spiraling into the Los Angeles underworld.",79,93,Comedy,JoelCoen,EthanCoen|JoelCoen,"Mar6,1998","Oct18,2005",$17.4M,1h57m,GramercyPictures,
the_big_sick,4.1,0.0,4.1,4.1,0.0,5.0,15.0,The Big Sick,"Kumail is a Pakistani comic, who meets an American graduate student named Emily at one of his stand-up shows. As their relationship blossoms, he soon becomes worried about what his traditional Muslim parents will think of her. When Emily suddenly comes down with an illness that leaves her in a coma, Kumail finds himself developing a bond with her deeply concerned mother and father.",98,88,Romance|Comedy,MichaelShowalter,EmilyV.Gordon|KumailNanjiani,"Jul14,2017","Sep19,2017",$42.9M,2h0m,AmazonStudios|LionsgateFilms,
birdman_2014,3.8,0.0,3.9,3.7666666666666666,0.0,5.0,15.0,Birdman or (The Unexpected Virtue of Ignorance),"Former cinema superhero Riggan Thomson (Michael Keaton) is mounting an ambitious Broadway production that he hopes will breathe new life into his stagnant career. It's risky, but he hopes that his creative gamble will prove that he's a real artist and not just a washed-up movie star. As opening night approaches, a castmate is injured, forcing Riggan to hire an actor (Edward Norton) who is guaranteed to shake things up. Meanwhile, Riggan must deal with his girlfriend, daughter and ex-wife.",91,78,Comedy|Drama,AlejandroGonzálezIñárritu,AlejandroGonzálezIñárritu|NicolásGiacobone|AlexanderDinelaris|ArmandoBo,"Jan16,2015","Feb17,2015",$42.3M,1h59m,FoxSearchlight,
black_hawk_down,4.25,3.5,4.25,4.25,1.0,2.0,18.0,Black Hawk Down,"The film takes place in 1993 when the U.S. sent special forces into Somalia to destabilize the government and bring food and humanitarian aid to the starving population. Using Black Hawk helicopters to lower the soldiers onto the ground, an unexpected attack by Somalian forces brings two of the helicopters down immediately. From there, the U.S. soldiers must struggle to regain their balance while enduring heavy gunfire.",77,88,War|Drama,RidleyScott,MarkBowden|KenNolan,"Jan18,2002","Jun11,2002",$108.6M,2h24m,ColumbiaTriStarHomeVideo|RevolutionStudios|ColumbiaPictures|ColumbiaTristar|SvenskFilmindustri(SF)AB|CascadeFilm|SonyPicturesEntertainment,
black_orpheus,3.725,0.0,3.5,3.8214285714285716,0.0,6.0,14.0,Black Orpheus,"Young lovers Orfeu (Breno Mello) and Eurydice (Marpessa Dawn) run through the favelas of Rio during Carnaval, on the lam from a hitman dressed like Death (Ademar Da Silva) and Orfeu's vengeful fiancée Mira (Lourdes de Oliveira) and passing between moments of fantasy and stark reality. This impressionistic retelling of the Greek legend of Orpheus and Eurydice introduced bossa nova to the world with its soundtrack by young Brazilian composers Luiz Bonfá and Antonio Carlos Jobim.",87,86,Drama,MarcelCamus,ViniciusdeMoraes|MarcelCamus|JacquesViot,,"Jun8,1999",,1h40m,,
black_panther_2018,3.725,0.0,2.5,3.9411764705882355,0.0,3.0,17.0,Black Panther,"After the death of his father, T'Challa returns home to the African nation of Wakanda to take his rightful place as king. When a powerful enemy suddenly reappears, T'Challa's mettle as king -- and as Black Panther -- gets tested when he's drawn into a conflict that puts the fate of Wakanda and the entire world at risk. Faced with treachery and danger, the young king must rally his allies and release the full power of Black Panther to defeat his foes and secure the safety of his people.",96,79,Action|Adventure|Fantasy,RyanCoogler,RyanCoogler|JoeRobertCole,"Feb16,2018","May2,2018",$700.2M,2h14m,WaltDisney,MarvelCinematicUniverse
blade_runner,4.2,0.0,4.875,4.03125,0.0,4.0,16.0,Blade Runner,"Deckard (Harrison Ford) is forced by the police Boss (M. Emmet Walsh) to continue his old job as Replicant Hunter. His assignment: eliminate four escaped Replicants from the colonies who have returned to Earth. Before starting the job, Deckard goes to the Tyrell Corporation and he meets Rachel (Sean Young), a Replicant girl he falls in love with.",89,91,Sci-fi|Mystery&thriller,RidleyScott,HamptonFancher|DavidWebbPeoples|PhilipK.Dick,"Jun25,1982","Oct30,2001",$3.9M,2h2m,WarnerBros.Pictures,BladeRunner
blazing_saddles,4.55,0.0,4.611111111111111,4.5,0.0,9.0,11.0,Blazing Saddles,"In this satirical take on Westerns, crafty railroad worker Bart (Cleavon Little) becomes the first black sheriff of Rock Ridge, a frontier town about to be destroyed in order to make way for a new railroad. Initially, the people of Rock Ridge harbor a racial bias toward their new leader. However, they warm to him after realizing that Bart and his perpetually drunk gunfighter friend (Gene Wilder) are the only defense against a wave of thugs sent to rid the town of its population.",89,91,Comedy|Western,MelBrooks,AndrewBergman|AndrewBergman|MelBrooks|RichardPryor|NormanSteinberg|AlanUger,"Feb7,1974","May15,2007",,1h33m,WarnerBros.Pictures,
boogie_nights,3.95,0.0,4.0,3.9444444444444446,0.0,2.0,18.0,Boogie Nights,"In the San Fernando Valley in 1977, teenage busboy Eddie Adams (Mark Wahlberg) gets discovered by porn director Jack Horner (Burt Reynolds), who transforms him into adult-film sensation Dirk Diggler. Brought into a supportive circle of friends, including fellow actors Amber Waves (Julianne Moore), Rollergirl (Heather Graham) and Reed Rothchild (John C. Reilly), Dirk fulfills all his ambitions, but a toxic combination of drugs and egotism threatens to take him back down.",94,89,Drama,PaulThomasAnderson,PaulThomasAnderson,"Oct10,1997","May8,2007",$26.4M,2h32m,NewLineCinema|CriterionCollection,
boys_dont_cry,3.9,0.0,4.166666666666667,3.7857142857142856,0.0,6.0,14.0,Boys Don't Cry,"Young female-to-male transgender Brandon Teena (Hilary Swank) leaves his hometown under threat when his ex-girlfriend's brother discovers that he's biologically female. Resettling in the small town of Falls City, Nebraska, Brandon falls for Lana (Chloë Sevigny), an aspiring singer, and begins to plan for their future together. But when her ex-convict friends, John (Peter Sarsgaard) and Tom (Brendan Sexton III), learn Brandon's secret, things change very quickly.",90,87,Biography|Drama|Lgbtq+,KimberlyPeirce,KimberlyPeirce|AndyBienen,"Sep2,1999","Apr18,2000",$11.5M,1h59m,20thCenturyFoxHomeEntertainment|Fox,
boyz_n_the_hood,4.025,0.0,2.8333333333333335,4.235294117647059,0.0,3.0,17.0,Boyz N the Hood,"Tre (Cuba Gooding Jr.) is sent to live with his father, Furious Styles (Larry Fishburne), in tough South Central Los Angeles. Although his hard-nosed father instills proper values and respect in him, and his devout girlfriend Brandi (Nia Long) teaches him about faith, Tre's friends Doughboy (Ice Cube) and Ricky (Morris Chestnut) don't have the same kind of support and are drawn into the neighborhood's booming drug and gang culture, with increasingly tragic results.",96,93,Drama,JohnSingleton,JohnSingleton,"Jul12,1991","Jan25,2001",$55.1M,1h52m,ColumbiaPictures|CriterionCollection,
breakfast_club,3.85,0.0,3.8,3.8666666666666667,0.0,5.0,15.0,The Breakfast Club,"Five high school students from different walks of life endure a Saturday detention under a power-hungry principal (Paul Gleason). The disparate group includes rebel John (Judd Nelson), princess Claire (Molly Ringwald), outcast Allison (Ally Sheedy), brainy Brian (Anthony Michael Hall) and Andrew (Emilio Estevez), the jock. Each has a chance to tell his or her story, making the others see them a little differently -- and when the day ends, they question whether school will ever be the same.",89,92,Comedy|Drama,JohnHughes,JohnHughes,"Feb15,1985","Sep16,2008",,1h32m,MCA/UniversalPictures[us],
breathless,3.675,3.5,3.5,3.6944444444444446,1.0,2.0,18.0,Breathless,"Petty thug Michel (Jean-Paul Belmondo) considers himself a suave bad guy in the manner of Humphrey Bogart, but panics and impulsively kills a policeman while driving a stolen car. On the lam, he turns to his aspiring journalist girlfriend, Patricia (Jean Seberg), hiding out in her Paris apartment while he tries to pull together enough money to get the pair to Italy. But when Patricia learns that her boyfriend is being investigated for murder, she begins to question her loyalties.",96,90,Crime|Drama,Jean-LucGodard,Jean-LucGodard|FrançoisTruffaut,"Feb7,1961","Jan7,2003",$47.1K,1h30m,,
bridesmaids_2011,3.7,0.0,3.25,4.15,0.0,10.0,10.0,Bridesmaids,"Annie (Kristen Wiig) is a single woman whose own life is a mess, but when she learns that her lifelong best friend, Lillian (Maya Rudolph), is engaged, she has no choice but to serve as the maid of honor. Though lovelorn and almost penniless, Annie, nevertheless, winds her way through the strange and expensive rituals associated with her job as the bride's go-to gal. Determined to make things perfect, she gamely leads Lillian and the other bridesmaids down the wild road to the wedding.",89,76,Comedy,PaulFeig,AnnieMumolo|KristenWiig,"May13,2011","Sep20,2011",$169.1M,2h5m,UniversalPictures,
bridge_on_the_river_kwai,4.325,0.0,2.6666666666666665,4.617647058823529,0.0,3.0,17.0,The Bridge on the River Kwai,"Adaptation of the Pierre Bouelle novel about POWs in Burma forced to build a bridge to aid the war effort of their Japanese captors. British and American officers plot to blow up the structure, but the commander of the bridge's construction has different plans.",96,93,War|Drama,DavidLean,PierreBoulle|MichaelWilson|CarlForeman,"Dec18,1957","Nov21,2000",,2h41m,ColumbiaPictures,
bridget_jones_diary,3.325,0.0,4.4,2.966666666666667,0.0,5.0,15.0,Bridget Jones's Diary,"At the start of the New Year, 32-year-old Bridget (Renée Zellweger) decides it's time to take control of her life -- and start keeping a diary. Now, the most provocative, erotic and hysterical book on her bedside table is the one she's writing. With a taste for adventure, and an opinion on every subject - from exercise to men to food to sex and everything in between - she's turning the page on a whole new life.",80,81,Romance|Comedy,SharonMaguire,RichardCurtis|AndrewDavies|HelenFielding,"Apr13,2001","Nov9,2004",$71.5M,1h32m,MiramaxFilms|UniversalPictures,BridgetJones
broadcast_news,3.925,0.0,3.857142857142857,3.9615384615384617,0.0,7.0,13.0,Broadcast News,"Intelligent satire of American television news. A highly strung news producer finds herself strangely attracted to a vapid anchorman even through she loathes everything he personifies. To make matters worse, her best friend, a talented but not particularly telegenic news reporter, is secretly in love with her.",98,79,Romance|Comedy,JamesL.Brooks,JamesL.Brooks,"Dec16,1987","Oct5,1999",$49.2M,2h12m,20thCenturyFox,
brokeback_mountain,4.4,0.5,4.833333333333333,4.323529411764706,1.0,3.0,17.0,Brokeback Mountain,"In 1963, rodeo cowboy Jack Twist (Jake Gyllenhaal) and ranch hand Ennis Del Mar (Heath Ledger) are hired by rancher Joe Aguirre (Randy Quaid) as sheep herders in Wyoming. One night on Brokeback Mountain, Jack makes a drunken pass at Ennis that is eventually reciprocated. Though Ennis marries his longtime sweetheart, Alma (Michelle Williams), and Jack marries a fellow rodeo rider (Anne Hathaway), the two men keep up their tortured and sporadic affair over the course of 20 years.",88,82,Romance|Drama|Lgbtq+,AngLee,LarryMcMurtry|DianaOssana,"Dec9,2005","Apr4,2006",$83.0M,2h14m,FocusFeatures,
cabaret,3.775,0.0,2.6666666666666665,3.9705882352941178,0.0,3.0,17.0,Cabaret,"In Berlin in 1931, American cabaret singer Sally Bowles (Liza Minnelli) meets British academic Brian Roberts (Michael York), who is finishing his university studies. Despite Brian's confusion over his sexuality, the pair become lovers, but the arrival of the wealthy and decadent playboy Maximilian von Heune (Helmut Griem) complicates matters for them both. This love triangle plays out against the rise of the Nazi party and the collapse of the Weimar Republic.",92,87,Musical,BobFosse,ChristopherIsherwood|JohnVanDruten|JoeMasteroff|JayPressonAllen,"Feb13,1972","Aug19,2003",,2h4m,AlliedArtistsPictures|WarnerHomeVídeo,
the_cabinet_of_dr_caligari,4.075,0.0,3.1666666666666665,4.464285714285714,0.0,6.0,14.0,The Cabinet of Dr. Caligari,"At a carnival in Germany, Francis (Friedrich Feher) and his friend Alan (Rudolf Lettinger) encounter the crazed Dr. Caligari (Werner Krauss). The men see Caligari showing off his somnambulist, Cesare (Conrad Veidt), a hypnotized man who the doctor claims can see into the future. Shockingly, Cesare then predicts Alan's death, and by morning his chilling prophecy has come true -- making Cesare the prime suspect. However, is Cesare guilty, or is the doctor controlling him?",96,89,Horror|Fantasy|Mystery&thriller,RobertWiene,HansJanowitz|CarlMayer,"Mar19,1921","Feb16,1999",,1h9m,GrapevineVideo|KinoVideo,
call_me_by_your_name,4.375,0.0,4.75,4.28125,0.0,4.0,16.0,Call Me by Your Name,"It's the summer of 1983, and precocious 17-year-old Elio Perlman is spending the days with his family at their 17th-century villa in Lombardy, Italy. He soon meets Oliver, a handsome doctoral student who's working as an intern for Elio's father. Amid the sun-drenched splendor of their surroundings, Elio and Oliver discover the heady beauty of awakening desire over the course of a summer that will alter their lives forever.",94,86,Romance|Drama|Lgbtq+,LucaGuadagnino,JamesIvory|LucaGuadagnino|WalterFasano,"Jan19,2018","Mar13,2018",$18.0M,2h12m,SonyPicturesClassics,
carol,4.4,5.0,3.5,4.5588235294117645,1.0,3.0,17.0,Carol,"Aspiring photographer Therese spots the beautiful, elegant Carol perusing the doll displays in a 1950s Manhattan department store. The two women develop a fast bond that becomes a love with complicated consequences.",94,74,Romance|Drama|Lgbtq+,ToddHaynes,PhyllisNagy,"Jan8,2016","Mar15,2016",$12.7M,1h58m,WeinsteinCo.,
casino_royale,4.575,0.0,4.8,4.5,0.0,5.0,15.0,Casino Royale,"After receiving a license to kill, British Secret Service agent James Bond (Daniel Craig) heads to Madagascar, where he uncovers a link to Le Chiffre (Mads Mikkelsen), a man who finances terrorist organizations. Learning that Le Chiffre plans to raise money in a high-stakes poker game, MI6 sends Bond to play against him, gambling that their newest ""00"" operative will topple the man's organization.",94,90,Action|Adventure|Mystery&thriller,MartinCampbell,NealPurvis|RobertWade|AnthonyWaye|IanFleming,"Nov17,2006","Mar13,2007",$167.0M,2h24m,SonyPicturesEntertainment,JamesBond007
children_of_men,4.35,0.0,4.375,4.34375,0.0,4.0,16.0,Children of Men,"When infertility threatens mankind with extinction and the last child born has perished, a disillusioned bureaucrat (Clive Owen) becomes the unlikely champion in the fight for the survival of Earth's population; He must face down his own demons and protect the planet's last remaining hope from danger.",92,85,Sci-fi|Mystery&thriller,AlfonsoCuarón,AlfonsoCuarón|DavidArata|TimothyJ.Sexton|HawkOstby|MarkFergus,"Dec25,2006","Sep23,2008",$35.3M,1h49m,UniversalPictures,
chinatown,4.475,0.0,4.5,4.470588235294118,0.0,3.0,17.0,Chinatown,"When Los Angeles private eye J.J. ""Jake"" Gittes (Jack Nicholson) is hired by Evelyn Mulwray to investigate her husband's activities, he believes it's a routine infidelity case. Jake's investigation soon becomes anything but routine when he meets the real Mrs. Mulwray (Faye Dunaway) and realizes he was hired by an imposter. Mr. Mulwray's sudden death sets Gittes on a tangled trail of corruption, deceit and sinister family secrets as Evelyn's father (John Huston) becomes a suspect in the case.",99,93,Crime|Drama,RomanPolanski,RobertTowne|RomanPolanski,"Jun20,1974","Nov23,1999",,2h11m,ParamountPictures,
city_of_god,4.75,5.0,4.375,4.84375,1.0,4.0,16.0,City of God,"In the poverty-stricken favelas of Rio de Janeiro in the 1970s, two young men choose different paths. Rocket (Phellipe Haagensen) is a budding photographer who documents the increasing drug-related violence of his neighborhood. José ""Zé"" Pequeno (Douglas Silva) is an ambitious drug dealer who uses Rocket and his photos as a way to increase his fame as a turf war erupts with his rival, ""Knockout Ned"" (Leandro Firmino da Hora). The film was shot on location in Rio's poorest neighborhoods.",91,97,Crime|Drama,FernandoMeirelles,BráulioMantovani|PauloLins,"Jan17,2003","Jun8,2004",$7.6M,2h11m,MiramaxFilms,
cinema_paradiso,4.525,0.0,4.5,4.535714285714286,0.0,6.0,14.0,Cinema Paradiso,"Young Salvatore Di Vita (Salvatore Cascio) discovers the perfect escape from life in his war-torn Sicilian village: the Cinema Paradiso movie house, where projectionist Alfredo (Philippe Noiret) instills in the boy a deep love of films. When Salvatore grows up, falls in love with a beautiful local girl (Agnese Nano) and takes over as the Paradiso's projectionist, Alfredo must convince Salvatore to leave his small town and pursue his passion for filmmaking.",90,96,Drama,GiuseppeTornatore,GiuseppeTornatore,"Feb23,1988","Jan10,2006",$9.1M,2h3m,HBO|MiramaxFilms,
citizen_kane,3.525,0.0,3.6666666666666665,3.5,0.0,3.0,17.0,Citizen Kane,"When a reporter is assigned to decipher newspaper magnate Charles Foster Kane's (Orson Welles) dying words, his investigation gradually reveals the fascinating portrait of a complex man who rose from obscurity to staggering heights. Though Kane's friend and colleague Jedediah Leland (Joseph Cotten), and his mistress, Susan Alexander (Dorothy Comingore), shed fragments of light on Kane's life, the reporter fears he may never penetrate the mystery of the elusive man's final word, ""Rosebud.""",99,90,Drama,OrsonWelles,HermanJ.Mankiewicz|OrsonWelles|JohnHouseman,"May1,1941","Feb23,2010",$977.3K,1h59m,RKORadioPictures,
city_lights,4.525,0.0,5.0,4.366666666666666,0.0,5.0,15.0,City Lights,"A hapless but resilient tramp (Charlie Chaplin) falls in love with a blind flower girl (Virginia Cherrill) on the tough city streets. Upon learning that she and her grandmother are to be evicted from their home, the tramp undertakes a series of attempts to provide them with the money they need, all of which end in humiliating failure. But after a drunken millionaire (Harry Myers) lavishly rewards him for saving his life, the tramp can change the flower girl's life forever.",95,96,Comedy|Drama|Romance,CharlieChaplin,CharlieChaplin,"Jan30,1931","Feb23,2010",$18.2K,1h27m,UnitedArtists,
clerks,4.275,0.0,4.071428571428571,4.384615384615385,0.0,7.0,13.0,Clerks,"Dante (Brian O'Halloran) is called in to cover a shift at his New Jersey convenience store on his day off. His friend Randal (Jeff Anderson) helps him pass the time, neglecting his video-store customers next door to hang out in the Quick Stop. The uneventful day is disrupted by news that one of Dante's ex-girlfriends has died. After attending her memorial service, Dante muses over staying with current girlfriend Veronica (Marilyn Ghigliotti) or reuniting with ex Caitlin (Lisa Spoonhauer).",90,89,Comedy,KevinSmith,KevinSmith,"Oct19,1994","Sep7,2004",$2.1M,1h31m,MiramaxFilms,
clockwork_orange,4.725,0.0,4.7,4.733333333333333,0.0,5.0,15.0,A Clockwork Orange,"In an England of the future, Alex (Malcolm McDowell) and his ""Droogs"" spend their nights getting high at the Korova Milkbar before embarking on ""a little of the old ultraviolence,"" while jauntily warbling ""Singin' in the Rain."" After he's jailed for bludgeoning the Cat Lady to death, Alex submits to behavior modification technique to earn his freedom; he's conditioned to abhor violence. Returned to the world defenseless, Alex becomes the victim of his prior victims.",88,93,Drama|Comedy,StanleyKubrick,StanleyKubrick|AnthonyBurgess,"Feb2,1971","Oct23,2007",,2h17m,WarnerBros.Pictures,
clueless,3.6,0.0,3.857142857142857,3.4615384615384617,0.0,7.0,13.0,Clueless,"Shallow, rich and socially successful Cher (Alicia Silverstone) is at the top of her Beverly Hills high school's pecking scale. Seeing herself as a matchmaker, Cher first coaxes two teachers into dating each other. Emboldened by her success, she decides to give hopelessly klutzy new student Tai (Brittany Murphy) a makeover. When Tai becomes more popular than she is, Cher realizes that her disapproving ex-stepbrother (Paul Rudd) was right about how misguided she was -- and falls for him.",81,76,Comedy,AmyHeckerling,AmyHeckerling,"Jul19,1995","Sep21,2004",$56.2M,1h37m,ParamountPictures,
coco_2017,4.5,0.0,4.0,4.666666666666667,0.0,5.0,15.0,Coco,"Despite his family's generations-old ban on music, young Miguel dreams of becoming an accomplished musician like his idol Ernesto de la Cruz. Desperate to prove his talent, Miguel finds himself in the stunning and colorful Land of the Dead. After meeting a charming trickster named Héctor, the two new friends embark on an extraordinary journey to unlock the real story behind Miguel's family history.",97,94,Kids&family|Comedy|Adventure|Music|Animation,LeeUnkrich,AdrianMolina|MatthewAldrich,"Nov22,2017","Feb13,2018",$210.5M,1h49m,WaltDisney,Pixar
crazy_rich_asians,3.325,0.0,3.75,3.2777777777777777,0.0,2.0,18.0,Crazy Rich Asians,"Rachel Chu is happy to accompany her longtime boyfriend, Nick, to his best friend's wedding in Singapore. She's also surprised to learn that Nick's family is extremely wealthy and he's considered one of the country's most eligible bachelors. Thrust into the spotlight, Rachel must now contend with jealous socialites, quirky relatives and something far, far worse -- Nick's disapproving mother.",91,76,Romance|Comedy,JonM.Chu,PeterChiarelli|AdeleLim,"Aug15,2018","Nov20,2018",$174.5M,2h0m,WarnerBros.Pictures,
creed_2015,3.85,0.0,4.166666666666667,3.7941176470588234,0.0,3.0,17.0,Creed,"Adonis Johnson (Michael B. Jordan) never knew his famous father, boxing champion Apollo Creed, who died before Adonis was born. However, boxing is in his blood, so he seeks out Rocky Balboa (Sylvester Stallone) and asks the retired champ to be his trainer. Rocky sees much of Apollo in Adonis, and agrees to mentor him, even as he battles an opponent deadlier than any in the ring. With Rocky's help, Adonis soon gets a title shot, but whether he has the true heart of a fighter remains to be seen.",95,89,Drama,RyanCoogler,RyanCoogler|AaronCovington,"Nov25,2015","Mar1,2016",$109.7M,2h13m,WarnerBros.Pictures,Rocky
crouching_tiger_hidden_dragon,4.675,0.0,4.5,4.694444444444445,0.0,2.0,18.0,"Crouching Tiger, Hidden Dragon","In 19th century Qing Dynasty China, a warrior (Chow Yun-Fat) gives his sword, Green Destiny, to his lover (Michelle Yeoh) to deliver to safe keeping, but it is stolen, and the chase is on to find it. The search leads to the House of Yu where the story takes on a whole different level.",98,86,Adventure|Action,AngLee,WangDu-lu|Hui-LingWang|JamesSchamus|KuoJungTsai,"Dec22,2000","Jun5,2001",$448.6K,2h0m,SonyPicturesClassics|ColumbiaTristar,
the_dark_knight,4.875,0.0,5.0,4.84375,0.0,4.0,16.0,The Dark Knight,"With the help of allies Lt. Jim Gordon (Gary Oldman) and DA Harvey Dent (Aaron Eckhart), Batman (Christian Bale) has been able to keep a tight lid on crime in Gotham City. But when a vile young criminal calling himself the Joker (Heath Ledger) suddenly throws the town into chaos, the caped Crusader begins to tread a fine line between heroism and vigilantism.",94,94,Action|Adventure|Fantasy,ChristopherNolan,JonathanNolan|ChristopherNolan,"Jul18,2008","Dec9,2008",$2.0M,2h32m,WarnerBros.,Batman
dazed_and_confused,4.075,0.0,4.4,3.966666666666667,0.0,5.0,15.0,Dazed and Confused,"This coming-of-age film follows the mayhem of group of rowdy teenagers in Austin, Texas, celebrating the last day of high school in 1976. The graduating class heads for a popular pool hall and joins an impromptu keg party, however star football player Randall ""Pink"" Floyd (Jason London) has promised to focus on the championship game and abstain from partying. Meanwhile, the incoming freshmen try to avoid being hazed by the seniors, most notably the sadistic bully Fred O'Bannion (Ben Affleck).",92,90,Drama,RichardLinklater,RichardLinklater,"Sep10,1993","Jun30,1998",$8.0M,1h43m,UniversalPictures|GramercyPictures,
dead_poets_society,4.55,0.0,4.833333333333333,4.428571428571429,0.0,6.0,14.0,Dead Poets Society,"A new English teacher, John Keating (Robin Williams), is introduced to an all-boys preparatory school that is known for its ancient traditions and high standards. He uses unorthodox methods to reach out to his students, who face enormous pressures from their parents and the school. With Keating's help, students Neil Perry (Robert Sean Leonard), Todd Anderson (Ethan Hawke) and others learn to break out of their shells, pursue their dreams and seize the day.",84,92,Drama,PeterWeir,TomSchulman,"Jun2,1989","Jul1,2003",$94.5M,2h8m,BuenaVistaPictures|TouchstonePictures|TouchstoneHomeVideo,
die_hard,4.65,0.0,4.6875,4.625,0.0,8.0,12.0,Die Hard,"New York City policeman John McClane (Bruce Willis) is visiting his estranged wife (Bonnie Bedelia) on Christmas Eve. He joins her at a holiday party in the headquarters of the Japanese-owned business she works for. But the festivities are interrupted by a group of terrorists who take over the exclusive high-rise, and everyone in it. Very soon McClane realizes that there's no one to save the hostages -- but him.",94,94,Action|Mystery&thriller,JohnMcTiernan,RoderickThorp|JebStuart|StevenE.deSouza,"Jul15,1988","Dec28,1999",$81.0M,2h11m,20thCenturyFox,
do_the_right_thing,4.275,4.5,3.9,4.4,1.0,5.0,15.0,Do the Right Thing,"Salvatore ""Sal"" Fragione (Danny Aiello) is the Italian owner of a pizzeria in Brooklyn. A neighborhood local, Buggin' Out (Giancarlo Esposito), becomes upset when he sees that the pizzeria's Wall of Fame exhibits only Italian actors. Buggin' Out believes a pizzeria in a black neighborhood should showcase black actors, but Sal disagrees. The wall becomes a symbol of racism and hate to Buggin' Out and to other people in the neighborhood, and tensions rise.",92,89,Drama,SpikeLee,SpikeLee,"Jun30,1989","Feb20,2001",$26.0M,2h0m,UniversalPictures,
dog_day_afternoon,4.375,0.0,5.0,4.342105263157895,0.0,1.0,19.0,Dog Day Afternoon,"When inexperienced criminal Sonny Wortzik (Al Pacino) leads a bank robbery in Brooklyn, things quickly go wrong, and a hostage situation develops. As Sonny and his accomplice, Sal Naturile (John Cazale), try desperately to remain in control, a media circus develops and the FBI arrives, creating even more tension. Gradually, Sonny's surprising motivations behind the robbery are revealed, and his standoff with law enforcement moves toward its inevitable end.",96,90,Crime|Drama|Lgbtq+,SidneyLumet,FrankPierson,"Sep21,1975","Dec16,1997",,2h10m,WarnerBros.Pictures,
dont_look_now,2.875,0.0,2.25,2.9444444444444446,0.0,2.0,18.0,Don't Look Now,"Still grieving over the accidental death of their daughter, Christine (Sharon Williams), John (Donald Sutherland) and Laura Baxter (Julie Christie) head to Venice, Italy, where John's been commissioned to restore a church. There Laura meets two sisters (Hilary Mason, Clelia Matania) who claim to be in touch with the spirit of the Baxters' daughter. Laura takes them seriously, but John scoffs until he himself catches a glimpse of what looks like Christine running through the streets of Venice.",94,76,Mystery&thriller,NicolasRoeg,AllanScott|ChrisBryant,"Dec25,1973","Feb10,2015",,1h50m,ParamountPictures,
double_indemnity,4.625,0.0,4.5,4.678571428571429,0.0,6.0,14.0,Double Indemnity,"In this classic film noir, insurance salesman Walter Neff (Fred MacMurray) gets roped into a murderous scheme when he falls for the sensual Phyllis Dietrichson (Barbara Stanwyck), who is intent on killing her husband (Tom Powers) and living off the fraudulent accidental death claim. Prompted by the late Mr. Dietrichson's daughter, Lola (Jean Heather), insurance investigator Barton Keyes (Edward G. Robinson) looks into the case, and gradually begins to uncover the sinister truth.",97,95,Crime|Drama,BillyWilder,JamesM.Cain|BillyWilder|RaymondChandler,"Sep6,1944","Aug29,2006",,1h46m,ParamountPictures,
dr_strangelove,4.55,0.0,2.75,4.75,0.0,2.0,18.0,Dr. Strangelove Or: How I Learned to Stop Worrying and Love the Bomb,"A film about what could happen if the wrong person pushed the wrong button -- and it played the situation for laughs. U.S. Air Force General Jack Ripper goes completely insane, and sends his bomber wing to destroy the U.S.S.R. He thinks that the communists are conspiring to pollute the ""precious bodily fluids"" of the American people.",98,94,Comedy,StanleyKubrick,StanleyKubrick|TerrySouthern|PeterGeorge,"Jan29,1964","Oct21,2003",,1h33m,ColumbiaPictures,
drive_2011,4.275,0.0,4.625,4.1875,0.0,4.0,16.0,Drive,"Driver is a skilled Hollywood stuntman who moonlights as a getaway driver for criminals. Though he projects an icy exterior, lately he's been warming up to a pretty neighbor named Irene and her young son, Benicio. When Irene's husband gets out of jail, he enlists Driver's help in a million-dollar heist. The job goes horribly wrong, and Driver must risk his life to protect Irene and Benicio from the vengeful masterminds behind the robbery.",93,79,Crime|Drama|Action,NicolasWindingRefn,HosseinAmini,"Sep16,2011","Jan31,2012",$35.1M,1h40m,FilmDistrict,
legend_of_drunken_master,4.175,0.0,4.375,4.125,0.0,4.0,16.0,Drunken Master II,"From a land where honor and tradition reign, comes the legend of a martial-arts hero unlike any other -- the ""Drunken Master"" -- who can turn just one drink into devastation and humiliation for his enemies. His technique is fast, furious... and powerfully funny.",84,88,Action|Comedy,Chia-LiangLiu,King-SangTseng|Kai-ChiYun,"Oct20,2000","Mar13,2001",$11.5M,1h42m,ColumbiaTriStarHomeVideo|MiramaxFilms,
duck_soup,3.975,0.0,4.25,3.5625,0.0,12.0,8.0,Duck Soup,"When the tiny nation of Freedonia goes bankrupt, its wealthy benefactor, Mrs. Teasdale (Margaret Dumont), insists that the wacky Rufus T. Firefly (Groucho Marx) become the country's president. Sensing a weakness in leadership, the bordering nation of Sylvania sends in the spies Pinky (Harpo Marx) and Chicolini (Chico Marx) to set the stage for a revolution. As Firefly clashes with the Sylvanian ambassador (Louis Calhern), plenty of mayhem ensues, and the countries verge on all-out war.",91,91,Comedy,LeoMcCarey,,"Nov17,1933","Nov9,2004",,1h10m,ParamountPictures|MCA/UniversalHomeVideo,
et_the_extraterrestrial,4.475,0.0,4.0,4.59375,0.0,4.0,16.0,E.T. the Extra-Terrestrial,"After a gentle alien becomes stranded on Earth, the being is discovered and befriended by a young boy named Elliott (Henry Thomas). Bringing the extraterrestrial into his suburban California house, Elliott introduces E.T., as the alien is dubbed, to his brother and his little sister, Gertie (Drew Barrymore), and the children decide to keep its existence a secret. Soon, however, E.T. falls ill, resulting in government intervention and a dire situation for both Elliott and the alien.",99,72,Kids&family|Sci-fi|Adventure,StevenSpielberg,MelissaMathison,"Jun11,1982","Aug23,2005",$439.2M,1h55m,,
easy_rider,3.25,0.0,2.642857142857143,3.576923076923077,0.0,7.0,13.0,Easy Rider,"Wyatt (Peter Fonda) and Billy (Dennis Hopper), two Harley-riding hippies, complete a drug deal in Southern California and decide to travel cross-country in search of spiritual truth. On their journey, they experience bigotry and hatred from the inhabitants of small-town America and also meet with other travelers seeking alternative lifestyles. After a terrifying drug experience in New Orleans, the two travelers wonder if they will ever find a way to live peacefully in America.",84,82,Drama,DennisHopper,PeterFonda|DennisHopper|TerrySouthern,"Jul14,1969","Mar16,2004",,1h34m,ColumbiaPictures|RCA/Columbia,
edward_scissorhands,4.225,0.0,3.25,4.46875,0.0,4.0,16.0,Edward Scissorhands,"A scientist (Vincent Price) builds an animated human being -- the gentle Edward (Johnny Depp). The scientist dies before he can finish assembling Edward, though, leaving the young man with a freakish appearance accentuated by the scissor blades he has instead of hands. Loving suburban saleswoman Peg (Dianne Wiest) discovers Edward and takes him home, where he falls for Peg's teen daughter (Winona Ryder). However, despite his kindness and artistic talent, Edward's hands make him an outcast.",89,91,Holiday|Fantasy|Comedy|Drama|Romance,TimBurton,CarolineThompson,"Dec7,1990","Dec18,2001",$54.2M,1h45m,20thCenturyFox,
election,3.575,0.0,2.6,3.9,0.0,5.0,15.0,Election,"Jim McAllister (Matthew Broderick), a well-liked high school government teacher, can't help but notice that successful student Tracy Flick (Reese Witherspoon) uses less than ethical tactics to get what she wants. When Tracy runs for school president, Jim feels that she will be a poor influence on the student body and convinces Paul, a dim-witted but popular student athlete, to run against Tracy. When she becomes aware of Jim's secret involvement in the race, a bitter feud is sparked.",92,79,Comedy,AlexanderPayne,TomPerrotta|AlexanderPayne|JimTaylor,"May7,1999","May15,2012",$14.9M,1h43m,ParamountPictures|MTVProductions,
enter_the_dragon,4.2,0.0,4.0,4.235294117647059,0.0,3.0,17.0,Enter the Dragon,Bruce Lee plays a martial-arts expert determined to help capture the narcotics dealer whose gang was responsible for the death of his sister. Lee enters a kung fu competition in an attempt to fight his way to the dealer's headquarters with the help of some friends.,88,91,Action|Adventure,RobertClouse,MichaelAllin,"Jan1,1973","Jun30,1998",,1h39m,WarnerBros.Pictures,
eternal_sunshine_of_the_spotless_mind,4.2,0.0,4.5,4.0,0.0,8.0,12.0,Eternal Sunshine of the Spotless Mind,"After a painful breakup, Clementine (Kate Winslet) undergoes a procedure to erase memories of her former boyfriend Joel (Jim Carrey) from her mind. When Joel discovers that Clementine is going to extremes to forget their relationship, he undergoes the same procedure and slowly begins to forget the woman that he loved. Directed by former music video director Michel Gondry, the visually arresting film explores the intricacy of relationships and the pain of loss.",92,94,Romance|Sci-fi,MichelGondry,CharlieKaufman|MichelGondry,"Mar19,2004","Sep28,2004",$34.1M,1h48m,FocusFeatures,
evil_dead_2_dead_by_dawn,4.625,0.0,4.666666666666667,4.607142857142857,0.0,6.0,14.0,Evil Dead 2,"The second of three films in the Evil Dead series is part horror, part comedy, with Ash Williams (Bruce Campbell) once again battling horrifying demons at a secluded cabin in the woods. After discovering an audiotape left by a college professor that contains voices reading from the Book of the Dead, Ash's girlfriend Linda (Denise Bixler) becomes possessed by evil spirits that are awakened by the voices on the tape. Ash soon discovers there is no escaping the woods.",88,89,Horror|Comedy,SamRaimi,SamRaimi,"Mar13,1987","Aug29,2000",$2.6M,1h25m,RosebudReleasingCorporation,EvilDead
exorcist,4.5,0.0,4.4,4.533333333333333,0.0,5.0,15.0,The Exorcist,"One of the most profitable horror movies ever made, this tale of an exorcism is based loosely on actual events. When young Regan (Linda Blair) starts acting odd -- levitating, speaking in tongues -- her worried mother (Ellen Burstyn) seeks medical help, only to hit a dead end. A local priest (Jason Miller), however, thinks the girl may be seized by the devil. The priest makes a request to perform an exorcism, and the church sends in an expert (Max von Sydow) to help with the difficult job.",84,87,Horror,WilliamFriedkin,WilliamPeterBlatty,"Dec26,1973","Nov23,1999",$441.4M,2h2m,WarnerBros.Pictures,TheExorcist
the_farewell_2019,4.025,0.5,4.625,3.875,1.0,4.0,16.0,The Farewell,Billi's family returns to China under the guise of a fake wedding to stealthily say goodbye to their beloved matriarch -- the only person that doesn't know she only has a few weeks to live.,97,87,Comedy|Drama,LuluWang,LuluWang,"Aug2,2019","Aug27,2019",$17.7M,1h40m,A24,
fargo,4.475,0.0,4.375,4.5,0.0,4.0,16.0,Fargo,"""Fargo"" is a reality-based crime drama set in Minnesota in 1987. Jerry Lundegaard (William H. Macy) is a car salesman in Minneapolis who has gotten himself into debt and is so desperate for money that he hires two thugs (Steve Buscemi), (Peter Stormare) to kidnap his own wife. Jerry will collect the ransom from her wealthy father (Harve Presnell), paying the thugs a small portion and keeping the rest to satisfy his debts. The scheme collapses when the thugs shoot a state trooper.",94,93,Comedy|Crime|Drama|Mystery&thriller,JoelCoen,JoelCoen|EthanCoen,"Mar15,1996","Aug1,2006",$24.5M,1h37m,GramercyPictures,
fast_five,3.95,0.0,4.0,3.923076923076923,0.0,7.0,13.0,Fast Five,"Ever since ex-cop Brian O'Conner (Paul Walker) and Mia Torretto (Jordana Brewster) broke her brother Dom (Vin Diesel) out of custody, they've traveled border to border to evade authorities. In Rio de Janeiro, they must do one final job before they can gain their freedom for good. Assembling their elite team of car racers, Brian and Dom know they must confront the corrupt businessman who wants them dead, before the federal agent (Dwayne Johnson) on their trail finds them.",78,83,Action,JustinLin,ChrisMorgan,"Apr29,2011","Oct4,2011",$209.8M,2h10m,UniversalPictures,TheFastandtheFurious
fast_times_at_ridgemont_high,4.175,0.0,3.888888888888889,4.409090909090909,0.0,9.0,11.0,Fast Times at Ridgemont High,"Stacy Hamilton (Jennifer Jason Leigh) is a pretty, but inexperienced, teen interested in dating. Given advice by her uninhibited friend, Linda Barrett (Phoebe Cates), Stacy gets trapped in a love triangle with nice guy Mark Ratner (Brian Backer) and his more assured buddy Mike Damone (Robert Romanus). Meanwhile, Stacy's classmate Jeff Spicoli (Sean Penn), who lives for surfing and being stoned, faces off against Mr. Hand (Ray Walston), a strict teacher who has no time for the slacker's antics.",78,80,Comedy,AmyHeckerling,CameronCrowe,"Aug13,1982","Sep14,2004",,1h30m,MCA|MCA/UniversalHomeVideo|MCA/UniversalPictures[us],
fight_club,4.675,0.0,4.6,4.7,0.0,5.0,15.0,Fight Club,"A depressed man (Edward Norton) suffering from insomnia meets a strange soap salesman named Tyler Durden (Brad Pitt) and soon finds himself living in his squalid house after his perfect apartment is destroyed. The two bored men form an underground club with strict rules and fight other men who are fed up with their mundane lives. Their perfect partnership frays when Marla (Helena Bonham Carter), a fellow support group crasher, attracts Tyler's attention.",79,96,Mystery&thriller|Drama,DavidFincher,ChuckPalahniuk|JimUhls,"Oct15,1999","Oct14,2003",$37.0M,2h19m,20thCenturyFox,
fish_tank,3.45,0.0,3.875,3.34375,0.0,4.0,16.0,Fish Tank,"Mia (Katie Jarvis) is a rebellious teenager on the verge of being kicked out of school. Her hard-partying mother, Joanne (Kierston Wareing), neglects Mia's welfare in favor of her own, and her younger sister (Rebecca Griffiths) hangs out with a much older crowd. Sparks fly between Mia and Connor (Michael Fassbender), Joanne's new boyfriend, and he encourages Mia to pursue her interest in dance. As the boundaries of the relationships become blurred, Mia and Joanne compete for Connor's affection.",91,79,Drama,AndreaArnold,AndreaArnold,"Jan15,2010","Jun8,2010",$373.1K,2h4m,IFCFilms,
forbidden_planet,4.425,0.0,5.0,4.394736842105263,0.0,1.0,19.0,Forbidden Planet,"In this sci-fi classic, a spacecraft travels to the distant planet Altair IV to discover the fate of a group of scientists sent there decades earlier. When Commander John J. Adams (Leslie Nielsen) and his crew arrive, they discover only two people: Dr. Morbius (Walter Pidgeon) and his daughter, Altaira (Anne Francis), who was born on the remote planet. Soon, Adams begins to uncover the mystery of what happened on Altair IV, and why Morbius and Altaira are the sole survivors.",96,85,Sci-fi,FredM.Wilcox,WilliamShakespeare|IrvingBlock|CyrilHume,"Mar15,1956","Apr18,2000",,1h38m,Metro-Goldwyn-Mayer|CriterionCollection,
four_weddings_and_a_funeral,3.475,0.0,3.25,3.5714285714285716,0.0,6.0,14.0,Four Weddings and a Funeral,"Lovable Englishman Charles (Hugh Grant) and his group of friends seem to be unlucky in love. When Charles meets a beautiful American named Carrie (Andie MacDowell) at a wedding, he thinks his luck may have changed. But, after one magical night, Carrie returns to the States, ending what might have been. As Charles and Carrie's paths continue to cross -- over a handful of nuptials and one funeral -- he comes to believe they are meant to be together, even if their timing always seems to be off.",96,74,Romance|Comedy,MikeNewell,RichardCurtis,"Mar9,1994","Dec19,2000",$49.3M,1h56m,MGM/UAHomeEntertainmentInc.|GramercyPictures,
french_connection,4.0,0.0,3.8333333333333335,4.071428571428571,0.0,6.0,14.0,The French Connection,"New York Detective ""Popeye"" Doyle (Gene Hackman) and his partner (Roy Scheider) chase a French heroin smuggler.",96,87,Crime|Drama|Mystery&thriller,WilliamFriedkin,ErnestTidyman,"Oct7,1971","Feb1,2005",,1h44m,20thCenturyFox,
frida,3.8,0.0,4.25,3.6875,0.0,4.0,16.0,Frida,"This is the true story of Frida Kahlo (Salma Hayek) and her husband Diego Rivera (Alfred Molina), the larger-than-life painters who became the most acclaimed artists in Mexican history, and whose tempestuous love affair, landmark journeys to America, and outrageous personalities made them legendary.",76,85,Biography|Drama,JulieTaymor,HaydenHerrera|ClancySigal|DianeLake|GregoryNava|AnnaThomas,"Oct25,2002","Jun10,2003",$25.8M,2h3m,MiramaxFilms,
gandhi,4.45,5.0,4.625,4.40625,1.0,4.0,16.0,Gandhi,"This acclaimed biographical drama presents major events in the life of Mohandas Gandhi (Ben Kingsley), the beloved Indian leader who stood against British rule over his country. Dedicated to the concept of nonviolent resistance, Gandhi is initially dismissed by English officials, including the influential Lord Irwin (John Gielgud), but eventually he and his cause become internationally renowned, and his gatherings of passive protest move India towards independence.",89,92,Biography|History|Drama,RichardAttenborough,JohnBriley,"Nov30,1982","Feb20,2007",,3h8m,ColumbiaPictures,
gattaca,4.55,0.0,4.5,4.552631578947368,0.0,1.0,19.0,Gattaca,"Vincent Freeman (Ethan Hawke) has always fantasized about traveling into outer space, but is grounded by his status as a genetically inferior ""in-valid."" He decides to fight his fate by purchasing the genes of Jerome Morrow (Jude Law), a laboratory-engineered ""valid."" He assumes Jerome's DNA identity and joins the Gattaca space program, where he falls in love with Irene (Uma Thurman). An investigation into the death of a Gattaca officer (Gore Vidal) complicates Vincent's plans.",82,87,Sci-fi,AndrewNiccol,AndrewNiccol,"Oct24,1997","May22,2001",$12.3M,1h52m,ColumbiaTriStarHomeVideo|ColumbiaTristar|ColumbiaPictures|SonyPicturesEntertainment,
get_out,4.6,5.0,4.666666666666667,4.571428571428571,1.0,6.0,14.0,Get Out,"Now that Chris and his girlfriend, Rose, have reached the meet-the-parents milestone of dating, she invites him for a weekend getaway with Missy and Dean. At first, Chris reads the family's overly accommodating behavior as nervous attempts to deal with their daughter's interracial relationship, but as the weekend progresses, a series of increasingly disturbing discoveries leads him to a truth that he never could have imagined.",98,86,Horror|Mystery&thriller|Comedy,JordanPeele,JordanPeele,"Feb24,2017","May23,2017",$176.0M,1h44m,UniversalPictures,
ghost_in_the_shell,4.325,0.0,3.375,4.5625,0.0,4.0,16.0,Ghost in the Shell,"In this Japanese animation, cyborg federal agent Maj. Motoko Kusanagi (Mimi Woods) trails ""The Puppet Master"" (Abe Lasser), who illegally hacks into the computerized minds of cyborg-human hybrids. Her pursuit of a man who can modify the identity of strangers leaves Motoko pondering her own makeup and what life might be like if she had more human traits. With her partner (Richard George), she corners the hacker, but her curiosity about her identity sends the case in an unforeseen direction.",95,89,Action|Sci-fi|Anime,MamoruOshii,KazunoriItô,,"Dec15,2010",,1h25m,,
